Sample Name,Generation Data Classes,Audio Codes Shape,Positional Embedding Shape,Global Attributes,Key One Hot Encoding Shape,Track Class One Hot Encoding Shape
backdown_1_16bars_segment_1,"['bass', 'brass', 'clap', 'drums', 'hi_hat', 'keys', 'kick', 'melody', 'percs', 'piano', 'ride', 'sample', 'sfx', 'snare', 'strings', 'synth']","[(4, 750), (0,), (0,), (4, 750), (4, 750), (4, 750), (4, 750), (0,), (0,), (0,), (0,), (0,), (0,), (4, 750), (0,), (0,)]","(750, 128)","{""bpm"": 157.0, ""bars"": 16, ""key"": ""C#_MINOR""}","(24,)","(17,)"
backdown_1_16bars_segment_2,"['bass', 'brass', 'clap', 'drums', 'hi_hat', 'keys', 'kick', 'melody', 'percs', 'piano', 'ride', 'sample', 'sfx', 'snare', 'strings', 'synth']","[(4, 750), (0,), (0,), (4, 750), (4, 750), (4, 750), (4, 750), (0,), (0,), (0,), (0,), (0,), (0,), (4, 750), (0,), (0,)]","(750, 128)","{""bpm"": 157.0, ""bars"": 16, ""key"": ""C#_MINOR""}","(24,)","(17,)"
backdown_1_16bars_segment_3,"['bass', 'brass', 'clap', 'drums', 'hi_hat', 'keys', 'kick', 'melody', 'percs', 'piano', 'ride', 'sample', 'sfx', 'snare', 'strings', 'synth']","[(4, 750), (0,), (0,), (4, 750), (4, 750), (4, 750), (4, 750), (0,), (0,), (0,), (0,), (0,), (0,), (4, 750), (0,), (0,)]","(750, 128)","{""bpm"": 157.0, ""bars"": 16, ""key"": ""C#_MINOR""}","(24,)","(17,)"
backdown_1_16bars_segment_4,"['bass', 'brass', 'clap', 'drums', 'hi_hat', 'keys', 'kick', 'melody', 'percs', 'piano', 'ride', 'sample', 'sfx', 'snare', 'strings', 'synth']","[(4, 750), (0,), (0,), (4, 750), (4, 750), (4, 750), (4, 750), (0,), (0,), (0,), (0,), (0,), (0,), (4, 750), (0,), (0,)]","(750, 128)","{""bpm"": 157.0, ""bars"": 16, ""key"": ""C#_MINOR""}","(24,)","(17,)"
backdown_1_16bars_segment_5,"['bass', 'brass', 'clap', 'drums', 'hi_hat', 'keys', 'kick', 'melody', 'percs', 'piano', 'ride', 'sample', 'sfx', 'snare', 'strings', 'synth']","[(4, 750), (0,), (0,), (4, 750), (4, 750), (4, 750), (4, 750), (0,), (0,), (0,), (0,), (0,), (0,), (4, 750), (0,), (0,)]","(750, 128)","{""bpm"": 157.0, ""bars"": 16, ""key"": ""C#_MINOR""}","(24,)","(17,)"
backdown_2_16bars_segment_1,"['bass', 'brass', 'clap', 'drums', 'hi_hat', 'keys', 'kick', 'melody', 'percs', 'piano', 'ride', 'sample', 'sfx', 'snare', 'strings', 'synth']","[(4, 750), (0,), (0,), (4, 750), (4, 750), (4, 750), (4, 750), (0,), (0,), (0,), (0,), (0,), (0,), (4, 750), (0,), (0,)]","(750, 128)","{""bpm"": 157.0, ""bars"": 16, ""key"": ""C#_MINOR""}","(24,)","(17,)"
backdown_2_16bars_segment_2,"['bass', 'brass', 'clap', 'drums', 'hi_hat', 'keys', 'kick', 'melody', 'percs', 'piano', 'ride', 'sample', 'sfx', 'snare', 'strings', 'synth']","[(4, 750), (0,), (0,), (4, 750), (4, 750), (4, 750), (4, 750), (0,), (0,), (0,), (0,), (0,), (0,), (4, 750), (0,), (0,)]","(750, 128)","{""bpm"": 157.0, ""bars"": 16, ""key"": ""C#_MINOR""}","(24,)","(17,)"
backdown_2_16bars_segment_3,"['bass', 'brass', 'clap', 'drums', 'hi_hat', 'keys', 'kick', 'melody', 'percs', 'piano', 'ride', 'sample', 'sfx', 'snare', 'strings', 'synth']","[(4, 750), (0,), (0,), (4, 750), (4, 750), (4, 750), (4, 750), (0,), (0,), (0,), (0,), (0,), (0,), (4, 750), (0,), (0,)]","(750, 128)","{""bpm"": 157.0, ""bars"": 16, ""key"": ""C#_MINOR""}","(24,)","(17,)"
backdown_2_16bars_segment_4,"['bass', 'brass', 'clap', 'drums', 'hi_hat', 'keys', 'kick', 'melody', 'percs', 'piano', 'ride', 'sample', 'sfx', 'snare', 'strings', 'synth']","[(4, 750), (0,), (0,), (4, 750), (4, 750), (4, 750), (4, 750), (0,), (0,), (0,), (0,), (0,), (0,), (4, 750), (0,), (0,)]","(750, 128)","{""bpm"": 157.0, ""bars"": 16, ""key"": ""C#_MINOR""}","(24,)","(17,)"
backdown_2_16bars_segment_5,"['bass', 'brass', 'clap', 'drums', 'hi_hat', 'keys', 'kick', 'melody', 'percs', 'piano', 'ride', 'sample', 'sfx', 'snare', 'strings', 'synth']","[(4, 750), (0,), (0,), (4, 750), (4, 750), (4, 750), (4, 750), (0,), (0,), (0,), (0,), (0,), (0,), (4, 750), (0,), (0,)]","(750, 128)","{""bpm"": 157.0, ""bars"": 16, ""key"": ""C#_MINOR""}","(24,)","(17,)"
bankroll_1_12bars_segment_1,"['bass', 'brass', 'clap', 'drums', 'hi_hat', 'keys', 'kick', 'melody', 'percs', 'piano', 'ride', 'sample', 'sfx', 'snare', 'strings', 'synth']","[(0,), (0,), (4, 750), (4, 750), (4, 750), (4, 750), (4, 750), (0,), (0,), (0,), (0,), (0,), (0,), (4, 750), (0,), (0,)]","(750, 128)","{""bpm"": 100.0, ""bars"": 12, ""key"": ""A#_MAJOR""}","(24,)","(17,)"
bankroll_1_12bars_segment_2,"['bass', 'brass', 'clap', 'drums', 'hi_hat', 'keys', 'kick', 'melody', 'percs', 'piano', 'ride', 'sample', 'sfx', 'snare', 'strings', 'synth']","[(0,), (0,), (4, 750), (4, 750), (4, 750), (4, 750), (4, 750), (0,), (0,), (0,), (0,), (0,), (0,), (4, 750), (0,), (0,)]","(750, 128)","{""bpm"": 100.0, ""bars"": 12, ""key"": ""A#_MAJOR""}","(24,)","(17,)"
bankroll_1_12bars_segment_3,"['bass', 'brass', 'clap', 'drums', 'hi_hat', 'keys', 'kick', 'melody', 'percs', 'piano', 'ride', 'sample', 'sfx', 'snare', 'strings', 'synth']","[(0,), (0,), (4, 750), (4, 750), (4, 750), (4, 750), (4, 750), (0,), (0,), (0,), (0,), (0,), (0,), (4, 750), (0,), (0,)]","(750, 128)","{""bpm"": 100.0, ""bars"": 12, ""key"": ""A#_MAJOR""}","(24,)","(17,)"
bankroll_2_20bars_segment_1,"['bass', 'brass', 'clap', 'drums', 'hi_hat', 'keys', 'kick', 'melody', 'percs', 'piano', 'ride', 'sample', 'sfx', 'snare', 'strings', 'synth']","[(0,), (0,), (4, 750), (4, 750), (4, 750), (4, 750), (4, 750), (0,), (0,), (0,), (0,), (0,), (0,), (4, 750), (0,), (0,)]","(750, 128)","{""bpm"": 100.0, ""bars"": 20, ""key"": ""A#_MAJOR""}","(24,)","(17,)"
bankroll_2_20bars_segment_2,"['bass', 'brass', 'clap', 'drums', 'hi_hat', 'keys', 'kick', 'melody', 'percs', 'piano', 'ride', 'sample', 'sfx', 'snare', 'strings', 'synth']","[(0,), (0,), (4, 750), (4, 750), (4, 750), (4, 750), (4, 750), (0,), (0,), (0,), (0,), (0,), (0,), (4, 750), (0,), (0,)]","(750, 128)","{""bpm"": 100.0, ""bars"": 20, ""key"": ""A#_MAJOR""}","(24,)","(17,)"
bankroll_2_20bars_segment_3,"['bass', 'brass', 'clap', 'drums', 'hi_hat', 'keys', 'kick', 'melody', 'percs', 'piano', 'ride', 'sample', 'sfx', 'snare', 'strings', 'synth']","[(0,), (0,), (4, 750), (4, 750), (4, 750), (4, 750), (4, 750), (0,), (0,), (0,), (0,), (0,), (0,), (4, 750), (0,), (0,)]","(750, 128)","{""bpm"": 100.0, ""bars"": 20, ""key"": ""A#_MAJOR""}","(24,)","(17,)"
bankroll_2_20bars_segment_4,"['bass', 'brass', 'clap', 'drums', 'hi_hat', 'keys', 'kick', 'melody', 'percs', 'piano', 'ride', 'sample', 'sfx', 'snare', 'strings', 'synth']","[(0,), (0,), (4, 750), (4, 750), (4, 750), (4, 750), (4, 750), (0,), (0,), (0,), (0,), (0,), (0,), (4, 750), (0,), (0,)]","(750, 128)","{""bpm"": 100.0, ""bars"": 20, ""key"": ""A#_MAJOR""}","(24,)","(17,)"
bankroll_2_20bars_segment_5,"['bass', 'brass', 'clap', 'drums', 'hi_hat', 'keys', 'kick', 'melody', 'percs', 'piano', 'ride', 'sample', 'sfx', 'snare', 'strings', 'synth']","[(0,), (0,), (4, 750), (4, 750), (4, 750), (4, 750), (4, 750), (0,), (0,), (0,), (0,), (0,), (0,), (4, 750), (0,), (0,)]","(750, 128)","{""bpm"": 100.0, ""bars"": 20, ""key"": ""A#_MAJOR""}","(24,)","(17,)"
crazy_1_16bars_segment_1,"['bass', 'brass', 'clap', 'drums', 'hi_hat', 'keys', 'kick', 'melody', 'percs', 'piano', 'ride', 'sample', 'sfx', 'snare', 'strings', 'synth']","[(4, 750), (0,), (4, 750), (4, 750), (4, 750), (4, 750), (4, 750), (0,), (0,), (0,), (0,), (4, 750), (0,), (4, 750), (0,), (0,)]","(750, 128)","{""bpm"": 107.0, ""bars"": 16, ""key"": ""D#_MINOR""}","(24,)","(17,)"
crazy_1_16bars_segment_2,"['bass', 'brass', 'clap', 'drums', 'hi_hat', 'keys', 'kick', 'melody', 'percs', 'piano', 'ride', 'sample', 'sfx', 'snare', 'strings', 'synth']","[(4, 750), (0,), (4, 750), (4, 750), (4, 750), (4, 750), (4, 750), (0,), (0,), (0,), (0,), (4, 750), (0,), (4, 750), (0,), (0,)]","(750, 128)","{""bpm"": 107.0, ""bars"": 16, ""key"": ""D#_MINOR""}","(24,)","(17,)"
crazy_1_16bars_segment_3,"['bass', 'brass', 'clap', 'drums', 'hi_hat', 'keys', 'kick', 'melody', 'percs', 'piano', 'ride', 'sample', 'sfx', 'snare', 'strings', 'synth']","[(4, 750), (0,), (4, 750), (4, 750), (4, 750), (4, 750), (4, 750), (0,), (0,), (0,), (0,), (4, 750), (0,), (4, 750), (0,), (0,)]","(750, 128)","{""bpm"": 107.0, ""bars"": 16, ""key"": ""D#_MINOR""}","(24,)","(17,)"
crazy_1_16bars_segment_4,"['bass', 'brass', 'clap', 'drums', 'hi_hat', 'keys', 'kick', 'melody', 'percs', 'piano', 'ride', 'sample', 'sfx', 'snare', 'strings', 'synth']","[(4, 750), (0,), (4, 750), (4, 750), (4, 750), (4, 750), (4, 750), (0,), (0,), (0,), (0,), (4, 750), (0,), (4, 750), (0,), (0,)]","(750, 128)","{""bpm"": 107.0, ""bars"": 16, ""key"": ""D#_MINOR""}","(24,)","(17,)"
crazy_2_16bars_segment_1,"['bass', 'brass', 'clap', 'drums', 'hi_hat', 'keys', 'kick', 'melody', 'percs', 'piano', 'ride', 'sample', 'sfx', 'snare', 'strings', 'synth']","[(4, 750), (0,), (4, 750), (4, 750), (4, 750), (4, 750), (4, 750), (0,), (0,), (0,), (0,), (4, 750), (0,), (4, 750), (0,), (0,)]","(750, 128)","{""bpm"": 107.0, ""bars"": 16, ""key"": ""D#_MINOR""}","(24,)","(17,)"
crazy_2_16bars_segment_2,"['bass', 'brass', 'clap', 'drums', 'hi_hat', 'keys', 'kick', 'melody', 'percs', 'piano', 'ride', 'sample', 'sfx', 'snare', 'strings', 'synth']","[(4, 750), (0,), (4, 750), (4, 750), (4, 750), (4, 750), (4, 750), (0,), (0,), (0,), (0,), (4, 750), (0,), (4, 750), (0,), (0,)]","(750, 128)","{""bpm"": 107.0, ""bars"": 16, ""key"": ""D#_MINOR""}","(24,)","(17,)"
crazy_2_16bars_segment_3,"['bass', 'brass', 'clap', 'drums', 'hi_hat', 'keys', 'kick', 'melody', 'percs', 'piano', 'ride', 'sample', 'sfx', 'snare', 'strings', 'synth']","[(4, 750), (0,), (4, 750), (4, 750), (4, 750), (4, 750), (4, 750), (0,), (0,), (0,), (0,), (4, 750), (0,), (4, 750), (0,), (0,)]","(750, 128)","{""bpm"": 107.0, ""bars"": 16, ""key"": ""D#_MINOR""}","(24,)","(17,)"
crazy_2_16bars_segment_4,"['bass', 'brass', 'clap', 'drums', 'hi_hat', 'keys', 'kick', 'melody', 'percs', 'piano', 'ride', 'sample', 'sfx', 'snare', 'strings', 'synth']","[(4, 750), (0,), (4, 750), (4, 750), (4, 750), (4, 750), (4, 750), (0,), (0,), (0,), (0,), (4, 750), (0,), (4, 750), (0,), (0,)]","(750, 128)","{""bpm"": 107.0, ""bars"": 16, ""key"": ""D#_MINOR""}","(24,)","(17,)"
dong_1_20bars_segment_1,"['bass', 'brass', 'clap', 'drums', 'hi_hat', 'keys', 'kick', 'melody', 'percs', 'piano', 'ride', 'sample', 'sfx', 'snare', 'strings', 'synth']","[(4, 750), (0,), (4, 750), (4, 750), (4, 750), (4, 750), (4, 750), (0,), (0,), (0,), (0,), (0,), (0,), (0,), (0,), (0,)]","(750, 128)","{""bpm"": 90.0, ""bars"": 20, ""key"": ""F_MAJOR""}","(24,)","(17,)"
dong_1_20bars_segment_2,"['bass', 'brass', 'clap', 'drums', 'hi_hat', 'keys', 'kick', 'melody', 'percs', 'piano', 'ride', 'sample', 'sfx', 'snare', 'strings', 'synth']","[(4, 750), (0,), (4, 750), (4, 750), (4, 750), (4, 750), (4, 750), (0,), (0,), (0,), (0,), (0,), (0,), (0,), (0,), (0,)]","(750, 128)","{""bpm"": 90.0, ""bars"": 20, ""key"": ""F_MAJOR""}","(24,)","(17,)"
dong_1_20bars_segment_3,"['bass', 'brass', 'clap', 'drums', 'hi_hat', 'keys', 'kick', 'melody', 'percs', 'piano', 'ride', 'sample', 'sfx', 'snare', 'strings', 'synth']","[(4, 750), (0,), (4, 750), (4, 750), (4, 750), (4, 750), (4, 750), (0,), (0,), (0,), (0,), (0,), (0,), (0,), (0,), (0,)]","(750, 128)","{""bpm"": 90.0, ""bars"": 20, ""key"": ""F_MAJOR""}","(24,)","(17,)"
dong_1_20bars_segment_4,"['bass', 'brass', 'clap', 'drums', 'hi_hat', 'keys', 'kick', 'melody', 'percs', 'piano', 'ride', 'sample', 'sfx', 'snare', 'strings', 'synth']","[(4, 750), (0,), (4, 750), (4, 750), (4, 750), (4, 750), (4, 750), (0,), (0,), (0,), (0,), (0,), (0,), (0,), (0,), (0,)]","(750, 128)","{""bpm"": 90.0, ""bars"": 20, ""key"": ""F_MAJOR""}","(24,)","(17,)"
dong_1_20bars_segment_5,"['bass', 'brass', 'clap', 'drums', 'hi_hat', 'keys', 'kick', 'melody', 'percs', 'piano', 'ride', 'sample', 'sfx', 'snare', 'strings', 'synth']","[(4, 750), (0,), (4, 750), (4, 750), (4, 750), (4, 750), (4, 750), (0,), (0,), (0,), (0,), (0,), (0,), (0,), (0,), (0,)]","(750, 128)","{""bpm"": 90.0, ""bars"": 20, ""key"": ""F_MAJOR""}","(24,)","(17,)"
dong_2_24bars_segment_1,"['bass', 'brass', 'clap', 'drums', 'hi_hat', 'keys', 'kick', 'melody', 'percs', 'piano', 'ride', 'sample', 'sfx', 'snare', 'strings', 'synth']","[(4, 750), (0,), (4, 750), (4, 750), (4, 750), (4, 750), (4, 750), (0,), (0,), (0,), (0,), (0,), (0,), (0,), (0,), (0,)]","(750, 128)","{""bpm"": 90.0, ""bars"": 24, ""key"": ""F_MAJOR""}","(24,)","(17,)"
dong_2_24bars_segment_2,"['bass', 'brass', 'clap', 'drums', 'hi_hat', 'keys', 'kick', 'melody', 'percs', 'piano', 'ride', 'sample', 'sfx', 'snare', 'strings', 'synth']","[(4, 750), (0,), (4, 750), (4, 750), (4, 750), (4, 750), (4, 750), (0,), (0,), (0,), (0,), (0,), (0,), (0,), (0,), (0,)]","(750, 128)","{""bpm"": 90.0, ""bars"": 24, ""key"": ""F_MAJOR""}","(24,)","(17,)"
dong_2_24bars_segment_3,"['bass', 'brass', 'clap', 'drums', 'hi_hat', 'keys', 'kick', 'melody', 'percs', 'piano', 'ride', 'sample', 'sfx', 'snare', 'strings', 'synth']","[(4, 750), (0,), (4, 750), (4, 750), (4, 750), (4, 750), (4, 750), (0,), (0,), (0,), (0,), (0,), (0,), (0,), (0,), (0,)]","(750, 128)","{""bpm"": 90.0, ""bars"": 24, ""key"": ""F_MAJOR""}","(24,)","(17,)"
dong_2_24bars_segment_4,"['bass', 'brass', 'clap', 'drums', 'hi_hat', 'keys', 'kick', 'melody', 'percs', 'piano', 'ride', 'sample', 'sfx', 'snare', 'strings', 'synth']","[(4, 750), (0,), (4, 750), (4, 750), (4, 750), (4, 750), (4, 750), (0,), (0,), (0,), (0,), (0,), (0,), (0,), (0,), (0,)]","(750, 128)","{""bpm"": 90.0, ""bars"": 24, ""key"": ""F_MAJOR""}","(24,)","(17,)"
dong_2_24bars_segment_5,"['bass', 'brass', 'clap', 'drums', 'hi_hat', 'keys', 'kick', 'melody', 'percs', 'piano', 'ride', 'sample', 'sfx', 'snare', 'strings', 'synth']","[(4, 750), (0,), (4, 750), (4, 750), (4, 750), (4, 750), (4, 750), (0,), (0,), (0,), (0,), (0,), (0,), (0,), (0,), (0,)]","(750, 128)","{""bpm"": 90.0, ""bars"": 24, ""key"": ""F_MAJOR""}","(24,)","(17,)"
dong_2_24bars_segment_6,"['bass', 'brass', 'clap', 'drums', 'hi_hat', 'keys', 'kick', 'melody', 'percs', 'piano', 'ride', 'sample', 'sfx', 'snare', 'strings', 'synth']","[(4, 750), (0,), (4, 750), (4, 750), (4, 750), (4, 750), (4, 750), (0,), (0,), (0,), (0,), (0,), (0,), (0,), (0,), (0,)]","(750, 128)","{""bpm"": 90.0, ""bars"": 24, ""key"": ""F_MAJOR""}","(24,)","(17,)"
easy_1_24bars_segment_1,"['bass', 'brass', 'clap', 'drums', 'hi_hat', 'keys', 'kick', 'melody', 'percs', 'piano', 'ride', 'sample', 'sfx', 'snare', 'strings', 'synth']","[(4, 750), (0,), (0,), (4, 750), (4, 750), (4, 750), (4, 750), (0,), (0,), (0,), (0,), (0,), (0,), (4, 750), (0,), (4, 750)]","(750, 128)","{""bpm"": 126.0, ""bars"": 24, ""key"": ""C_MAJOR""}","(24,)","(17,)"
easy_1_24bars_segment_2,"['bass', 'brass', 'clap', 'drums', 'hi_hat', 'keys', 'kick', 'melody', 'percs', 'piano', 'ride', 'sample', 'sfx', 'snare', 'strings', 'synth']","[(4, 750), (0,), (0,), (4, 750), (4, 750), (4, 750), (4, 750), (0,), (0,), (0,), (0,), (0,), (0,), (4, 750), (0,), (4, 750)]","(750, 128)","{""bpm"": 126.0, ""bars"": 24, ""key"": ""C_MAJOR""}","(24,)","(17,)"
easy_1_24bars_segment_3,"['bass', 'brass', 'clap', 'drums', 'hi_hat', 'keys', 'kick', 'melody', 'percs', 'piano', 'ride', 'sample', 'sfx', 'snare', 'strings', 'synth']","[(4, 750), (0,), (0,), (4, 750), (4, 750), (4, 750), (4, 750), (0,), (0,), (0,), (0,), (0,), (0,), (4, 750), (0,), (4, 750)]","(750, 128)","{""bpm"": 126.0, ""bars"": 24, ""key"": ""C_MAJOR""}","(24,)","(17,)"
easy_1_24bars_segment_4,"['bass', 'brass', 'clap', 'drums', 'hi_hat', 'keys', 'kick', 'melody', 'percs', 'piano', 'ride', 'sample', 'sfx', 'snare', 'strings', 'synth']","[(4, 750), (0,), (0,), (4, 750), (4, 750), (4, 750), (4, 750), (0,), (0,), (0,), (0,), (0,), (0,), (4, 750), (0,), (4, 750)]","(750, 128)","{""bpm"": 126.0, ""bars"": 24, ""key"": ""C_MAJOR""}","(24,)","(17,)"
empire_state_1_16bars_segment_1,"['bass', 'brass', 'clap', 'drums', 'hi_hat', 'keys', 'kick', 'melody', 'percs', 'piano', 'ride', 'sample', 'sfx', 'snare', 'strings', 'synth']","[(0,), (0,), (0,), (4, 750), (0,), (4, 750), (0,), (0,), (0,), (0,), (0,), (4, 750), (0,), (0,), (0,), (0,)]","(750, 128)","{""bpm"": 87.0, ""bars"": 16, ""key"": ""B_MAJOR""}","(24,)","(17,)"
empire_state_1_16bars_segment_2,"['bass', 'brass', 'clap', 'drums', 'hi_hat', 'keys', 'kick', 'melody', 'percs', 'piano', 'ride', 'sample', 'sfx', 'snare', 'strings', 'synth']","[(0,), (0,), (0,), (4, 750), (0,), (4, 750), (0,), (0,), (0,), (0,), (0,), (4, 750), (0,), (0,), (0,), (0,)]","(750, 128)","{""bpm"": 87.0, ""bars"": 16, ""key"": ""B_MAJOR""}","(24,)","(17,)"
empire_state_1_16bars_segment_3,"['bass', 'brass', 'clap', 'drums', 'hi_hat', 'keys', 'kick', 'melody', 'percs', 'piano', 'ride', 'sample', 'sfx', 'snare', 'strings', 'synth']","[(0,), (0,), (0,), (4, 750), (0,), (4, 750), (0,), (0,), (0,), (0,), (0,), (4, 750), (0,), (0,), (0,), (0,)]","(750, 128)","{""bpm"": 87.0, ""bars"": 16, ""key"": ""B_MAJOR""}","(24,)","(17,)"
empire_state_1_16bars_segment_4,"['bass', 'brass', 'clap', 'drums', 'hi_hat', 'keys', 'kick', 'melody', 'percs', 'piano', 'ride', 'sample', 'sfx', 'snare', 'strings', 'synth']","[(0,), (0,), (0,), (4, 750), (0,), (4, 750), (0,), (0,), (0,), (0,), (0,), (4, 750), (0,), (0,), (0,), (0,)]","(750, 128)","{""bpm"": 87.0, ""bars"": 16, ""key"": ""B_MAJOR""}","(24,)","(17,)"
empire_state_2_16bars_segment_1,"['bass', 'brass', 'clap', 'drums', 'hi_hat', 'keys', 'kick', 'melody', 'percs', 'piano', 'ride', 'sample', 'sfx', 'snare', 'strings', 'synth']","[(0,), (0,), (0,), (4, 750), (0,), (4, 750), (0,), (0,), (0,), (0,), (0,), (4, 750), (0,), (0,), (0,), (0,)]","(750, 128)","{""bpm"": 87.0, ""bars"": 16, ""key"": ""B_MAJOR""}","(24,)","(17,)"
empire_state_2_16bars_segment_2,"['bass', 'brass', 'clap', 'drums', 'hi_hat', 'keys', 'kick', 'melody', 'percs', 'piano', 'ride', 'sample', 'sfx', 'snare', 'strings', 'synth']","[(0,), (0,), (0,), (4, 750), (0,), (4, 750), (0,), (0,), (0,), (0,), (0,), (4, 750), (0,), (0,), (0,), (0,)]","(750, 128)","{""bpm"": 87.0, ""bars"": 16, ""key"": ""B_MAJOR""}","(24,)","(17,)"
empire_state_2_16bars_segment_3,"['bass', 'brass', 'clap', 'drums', 'hi_hat', 'keys', 'kick', 'melody', 'percs', 'piano', 'ride', 'sample', 'sfx', 'snare', 'strings', 'synth']","[(0,), (0,), (0,), (4, 750), (0,), (4, 750), (0,), (0,), (0,), (0,), (0,), (4, 750), (0,), (0,), (0,), (0,)]","(750, 128)","{""bpm"": 87.0, ""bars"": 16, ""key"": ""B_MAJOR""}","(24,)","(17,)"
empire_state_2_16bars_segment_4,"['bass', 'brass', 'clap', 'drums', 'hi_hat', 'keys', 'kick', 'melody', 'percs', 'piano', 'ride', 'sample', 'sfx', 'snare', 'strings', 'synth']","[(0,), (0,), (0,), (4, 750), (0,), (4, 750), (0,), (0,), (0,), (0,), (0,), (4, 750), (0,), (0,), (0,), (0,)]","(750, 128)","{""bpm"": 87.0, ""bars"": 16, ""key"": ""B_MAJOR""}","(24,)","(17,)"
empire_state_3_16bars_segment_1,"['bass', 'brass', 'clap', 'drums', 'hi_hat', 'keys', 'kick', 'melody', 'percs', 'piano', 'ride', 'sample', 'sfx', 'snare', 'strings', 'synth']","[(0,), (0,), (0,), (4, 750), (0,), (4, 750), (0,), (0,), (0,), (0,), (0,), (4, 750), (0,), (0,), (0,), (0,)]","(750, 128)","{""bpm"": 87.0, ""bars"": 16, ""key"": ""B_MAJOR""}","(24,)","(17,)"
empire_state_3_16bars_segment_2,"['bass', 'brass', 'clap', 'drums', 'hi_hat', 'keys', 'kick', 'melody', 'percs', 'piano', 'ride', 'sample', 'sfx', 'snare', 'strings', 'synth']","[(0,), (0,), (0,), (4, 750), (0,), (4, 750), (0,), (0,), (0,), (0,), (0,), (4, 750), (0,), (0,), (0,), (0,)]","(750, 128)","{""bpm"": 87.0, ""bars"": 16, ""key"": ""B_MAJOR""}","(24,)","(17,)"
empire_state_3_16bars_segment_3,"['bass', 'brass', 'clap', 'drums', 'hi_hat', 'keys', 'kick', 'melody', 'percs', 'piano', 'ride', 'sample', 'sfx', 'snare', 'strings', 'synth']","[(0,), (0,), (0,), (4, 750), (0,), (4, 750), (0,), (0,), (0,), (0,), (0,), (4, 750), (0,), (0,), (0,), (0,)]","(750, 128)","{""bpm"": 87.0, ""bars"": 16, ""key"": ""B_MAJOR""}","(24,)","(17,)"
empire_state_3_16bars_segment_4,"['bass', 'brass', 'clap', 'drums', 'hi_hat', 'keys', 'kick', 'melody', 'percs', 'piano', 'ride', 'sample', 'sfx', 'snare', 'strings', 'synth']","[(0,), (0,), (0,), (4, 750), (0,), (4, 750), (0,), (0,), (0,), (0,), (0,), (4, 750), (0,), (0,), (0,), (0,)]","(750, 128)","{""bpm"": 87.0, ""bars"": 16, ""key"": ""B_MAJOR""}","(24,)","(17,)"
feylon_1_24bars_segment_1,"['bass', 'brass', 'clap', 'drums', 'hi_hat', 'keys', 'kick', 'melody', 'percs', 'piano', 'ride', 'sample', 'sfx', 'snare', 'strings', 'synth']","[(4, 750), (0,), (4, 750), (4, 750), (4, 750), (4, 750), (4, 750), (0,), (0,), (0,), (0,), (0,), (0,), (0,), (4, 750), (0,)]","(750, 128)","{""bpm"": 100.0, ""bars"": 24, ""key"": ""D_MINOR""}","(24,)","(17,)"
feylon_1_24bars_segment_2,"['bass', 'brass', 'clap', 'drums', 'hi_hat', 'keys', 'kick', 'melody', 'percs', 'piano', 'ride', 'sample', 'sfx', 'snare', 'strings', 'synth']","[(4, 750), (0,), (4, 750), (4, 750), (4, 750), (4, 750), (4, 750), (0,), (0,), (0,), (0,), (0,), (0,), (0,), (4, 750), (0,)]","(750, 128)","{""bpm"": 100.0, ""bars"": 24, ""key"": ""D_MINOR""}","(24,)","(17,)"
feylon_1_24bars_segment_3,"['bass', 'brass', 'clap', 'drums', 'hi_hat', 'keys', 'kick', 'melody', 'percs', 'piano', 'ride', 'sample', 'sfx', 'snare', 'strings', 'synth']","[(4, 750), (0,), (4, 750), (4, 750), (4, 750), (4, 750), (4, 750), (0,), (0,), (0,), (0,), (0,), (0,), (0,), (4, 750), (0,)]","(750, 128)","{""bpm"": 100.0, ""bars"": 24, ""key"": ""D_MINOR""}","(24,)","(17,)"
feylon_1_24bars_segment_4,"['bass', 'brass', 'clap', 'drums', 'hi_hat', 'keys', 'kick', 'melody', 'percs', 'piano', 'ride', 'sample', 'sfx', 'snare', 'strings', 'synth']","[(4, 750), (0,), (4, 750), (4, 750), (4, 750), (4, 750), (4, 750), (0,), (0,), (0,), (0,), (0,), (0,), (0,), (4, 750), (0,)]","(750, 128)","{""bpm"": 100.0, ""bars"": 24, ""key"": ""D_MINOR""}","(24,)","(17,)"
feylon_1_24bars_segment_5,"['bass', 'brass', 'clap', 'drums', 'hi_hat', 'keys', 'kick', 'melody', 'percs', 'piano', 'ride', 'sample', 'sfx', 'snare', 'strings', 'synth']","[(4, 750), (0,), (4, 750), (4, 750), (4, 750), (4, 750), (4, 750), (0,), (0,), (0,), (0,), (0,), (0,), (0,), (4, 750), (0,)]","(750, 128)","{""bpm"": 100.0, ""bars"": 24, ""key"": ""D_MINOR""}","(24,)","(17,)"
feylon_1_24bars_segment_6,"['bass', 'brass', 'clap', 'drums', 'hi_hat', 'keys', 'kick', 'melody', 'percs', 'piano', 'ride', 'sample', 'sfx', 'snare', 'strings', 'synth']","[(4, 750), (0,), (4, 750), (4, 750), (4, 750), (4, 750), (4, 750), (0,), (0,), (0,), (0,), (0,), (0,), (0,), (4, 750), (0,)]","(750, 128)","{""bpm"": 100.0, ""bars"": 24, ""key"": ""D_MINOR""}","(24,)","(17,)"
knockout_1_16bars_segment_1,"['bass', 'brass', 'clap', 'drums', 'hi_hat', 'keys', 'kick', 'melody', 'percs', 'piano', 'ride', 'sample', 'sfx', 'snare', 'strings', 'synth']","[(4, 750), (0,), (4, 750), (4, 750), (4, 750), (4, 750), (4, 750), (0,), (0,), (0,), (0,), (0,), (0,), (4, 750), (0,), (0,)]","(750, 128)","{""bpm"": 80.0, ""bars"": 16, ""key"": ""D#_MINOR""}","(24,)","(17,)"
knockout_1_16bars_segment_2,"['bass', 'brass', 'clap', 'drums', 'hi_hat', 'keys', 'kick', 'melody', 'percs', 'piano', 'ride', 'sample', 'sfx', 'snare', 'strings', 'synth']","[(4, 750), (0,), (4, 750), (4, 750), (4, 750), (4, 750), (4, 750), (0,), (0,), (0,), (0,), (0,), (0,), (4, 750), (0,), (0,)]","(750, 128)","{""bpm"": 80.0, ""bars"": 16, ""key"": ""D#_MINOR""}","(24,)","(17,)"
knockout_1_16bars_segment_3,"['bass', 'brass', 'clap', 'drums', 'hi_hat', 'keys', 'kick', 'melody', 'percs', 'piano', 'ride', 'sample', 'sfx', 'snare', 'strings', 'synth']","[(4, 750), (0,), (4, 750), (4, 750), (4, 750), (4, 750), (4, 750), (0,), (0,), (0,), (0,), (0,), (0,), (4, 750), (0,), (0,)]","(750, 128)","{""bpm"": 80.0, ""bars"": 16, ""key"": ""D#_MINOR""}","(24,)","(17,)"
knockout_1_16bars_segment_4,"['bass', 'brass', 'clap', 'drums', 'hi_hat', 'keys', 'kick', 'melody', 'percs', 'piano', 'ride', 'sample', 'sfx', 'snare', 'strings', 'synth']","[(4, 750), (0,), (4, 750), (4, 750), (4, 750), (4, 750), (4, 750), (0,), (0,), (0,), (0,), (0,), (0,), (4, 750), (0,), (0,)]","(750, 128)","{""bpm"": 80.0, ""bars"": 16, ""key"": ""D#_MINOR""}","(24,)","(17,)"
knockout_1_16bars_segment_5,"['bass', 'brass', 'clap', 'drums', 'hi_hat', 'keys', 'kick', 'melody', 'percs', 'piano', 'ride', 'sample', 'sfx', 'snare', 'strings', 'synth']","[(4, 750), (0,), (4, 750), (4, 750), (4, 750), (4, 750), (4, 750), (0,), (0,), (0,), (0,), (0,), (0,), (4, 750), (0,), (0,)]","(750, 128)","{""bpm"": 80.0, ""bars"": 16, ""key"": ""D#_MINOR""}","(24,)","(17,)"
knockout_2_16bars_segment_1,"['bass', 'brass', 'clap', 'drums', 'hi_hat', 'keys', 'kick', 'melody', 'percs', 'piano', 'ride', 'sample', 'sfx', 'snare', 'strings', 'synth']","[(4, 750), (0,), (4, 750), (4, 750), (4, 750), (4, 750), (4, 750), (0,), (0,), (0,), (0,), (0,), (0,), (4, 750), (0,), (0,)]","(750, 128)","{""bpm"": 80.0, ""bars"": 16, ""key"": ""D#_MINOR""}","(24,)","(17,)"
knockout_2_16bars_segment_2,"['bass', 'brass', 'clap', 'drums', 'hi_hat', 'keys', 'kick', 'melody', 'percs', 'piano', 'ride', 'sample', 'sfx', 'snare', 'strings', 'synth']","[(4, 750), (0,), (4, 750), (4, 750), (4, 750), (4, 750), (4, 750), (0,), (0,), (0,), (0,), (0,), (0,), (4, 750), (0,), (0,)]","(750, 128)","{""bpm"": 80.0, ""bars"": 16, ""key"": ""D#_MINOR""}","(24,)","(17,)"
knockout_2_16bars_segment_3,"['bass', 'brass', 'clap', 'drums', 'hi_hat', 'keys', 'kick', 'melody', 'percs', 'piano', 'ride', 'sample', 'sfx', 'snare', 'strings', 'synth']","[(4, 750), (0,), (4, 750), (4, 750), (4, 750), (4, 750), (4, 750), (0,), (0,), (0,), (0,), (0,), (0,), (4, 750), (0,), (0,)]","(750, 128)","{""bpm"": 80.0, ""bars"": 16, ""key"": ""D#_MINOR""}","(24,)","(17,)"
knockout_2_16bars_segment_4,"['bass', 'brass', 'clap', 'drums', 'hi_hat', 'keys', 'kick', 'melody', 'percs', 'piano', 'ride', 'sample', 'sfx', 'snare', 'strings', 'synth']","[(4, 750), (0,), (4, 750), (4, 750), (4, 750), (4, 750), (4, 750), (0,), (0,), (0,), (0,), (0,), (0,), (4, 750), (0,), (0,)]","(750, 128)","{""bpm"": 80.0, ""bars"": 16, ""key"": ""D#_MINOR""}","(24,)","(17,)"
knockout_2_16bars_segment_5,"['bass', 'brass', 'clap', 'drums', 'hi_hat', 'keys', 'kick', 'melody', 'percs', 'piano', 'ride', 'sample', 'sfx', 'snare', 'strings', 'synth']","[(4, 750), (0,), (4, 750), (4, 750), (4, 750), (4, 750), (4, 750), (0,), (0,), (0,), (0,), (0,), (0,), (4, 750), (0,), (0,)]","(750, 128)","{""bpm"": 80.0, ""bars"": 16, ""key"": ""D#_MINOR""}","(24,)","(17,)"
magnolia_1_16bars_segment_1,"['bass', 'brass', 'clap', 'drums', 'hi_hat', 'keys', 'kick', 'melody', 'percs', 'piano', 'ride', 'sample', 'sfx', 'snare', 'strings', 'synth']","[(4, 750), (0,), (4, 750), (4, 750), (4, 750), (4, 750), (4, 750), (0,), (0,), (0,), (0,), (0,), (0,), (0,), (0,), (0,)]","(750, 128)","{""bpm"": 82.0, ""bars"": 16, ""key"": ""B_MINOR""}","(24,)","(17,)"
magnolia_1_16bars_segment_2,"['bass', 'brass', 'clap', 'drums', 'hi_hat', 'keys', 'kick', 'melody', 'percs', 'piano', 'ride', 'sample', 'sfx', 'snare', 'strings', 'synth']","[(4, 750), (0,), (4, 750), (4, 750), (4, 750), (4, 750), (4, 750), (0,), (0,), (0,), (0,), (0,), (0,), (0,), (0,), (0,)]","(750, 128)","{""bpm"": 82.0, ""bars"": 16, ""key"": ""B_MINOR""}","(24,)","(17,)"
magnolia_1_16bars_segment_3,"['bass', 'brass', 'clap', 'drums', 'hi_hat', 'keys', 'kick', 'melody', 'percs', 'piano', 'ride', 'sample', 'sfx', 'snare', 'strings', 'synth']","[(4, 750), (0,), (4, 750), (4, 750), (4, 750), (4, 750), (4, 750), (0,), (0,), (0,), (0,), (0,), (0,), (0,), (0,), (0,)]","(750, 128)","{""bpm"": 82.0, ""bars"": 16, ""key"": ""B_MINOR""}","(24,)","(17,)"
magnolia_1_16bars_segment_4,"['bass', 'brass', 'clap', 'drums', 'hi_hat', 'keys', 'kick', 'melody', 'percs', 'piano', 'ride', 'sample', 'sfx', 'snare', 'strings', 'synth']","[(4, 750), (0,), (4, 750), (4, 750), (4, 750), (4, 750), (4, 750), (0,), (0,), (0,), (0,), (0,), (0,), (0,), (0,), (0,)]","(750, 128)","{""bpm"": 82.0, ""bars"": 16, ""key"": ""B_MINOR""}","(24,)","(17,)"
magnolia_1_16bars_segment_5,"['bass', 'brass', 'clap', 'drums', 'hi_hat', 'keys', 'kick', 'melody', 'percs', 'piano', 'ride', 'sample', 'sfx', 'snare', 'strings', 'synth']","[(4, 750), (0,), (4, 750), (4, 750), (4, 750), (4, 750), (4, 750), (0,), (0,), (0,), (0,), (0,), (0,), (0,), (0,), (0,)]","(750, 128)","{""bpm"": 82.0, ""bars"": 16, ""key"": ""B_MINOR""}","(24,)","(17,)"
magnolia_2_16bars_segment_1,"['bass', 'brass', 'clap', 'drums', 'hi_hat', 'keys', 'kick', 'melody', 'percs', 'piano', 'ride', 'sample', 'sfx', 'snare', 'strings', 'synth']","[(4, 750), (0,), (4, 750), (4, 750), (4, 750), (4, 750), (4, 750), (0,), (0,), (0,), (0,), (0,), (0,), (0,), (0,), (0,)]","(750, 128)","{""bpm"": 82.0, ""bars"": 16, ""key"": ""B_MINOR""}","(24,)","(17,)"
magnolia_2_16bars_segment_2,"['bass', 'brass', 'clap', 'drums', 'hi_hat', 'keys', 'kick', 'melody', 'percs', 'piano', 'ride', 'sample', 'sfx', 'snare', 'strings', 'synth']","[(4, 750), (0,), (4, 750), (4, 750), (4, 750), (4, 750), (4, 750), (0,), (0,), (0,), (0,), (0,), (0,), (0,), (0,), (0,)]","(750, 128)","{""bpm"": 82.0, ""bars"": 16, ""key"": ""B_MINOR""}","(24,)","(17,)"
magnolia_2_16bars_segment_3,"['bass', 'brass', 'clap', 'drums', 'hi_hat', 'keys', 'kick', 'melody', 'percs', 'piano', 'ride', 'sample', 'sfx', 'snare', 'strings', 'synth']","[(4, 750), (0,), (4, 750), (4, 750), (4, 750), (4, 750), (4, 750), (0,), (0,), (0,), (0,), (0,), (0,), (0,), (0,), (0,)]","(750, 128)","{""bpm"": 82.0, ""bars"": 16, ""key"": ""B_MINOR""}","(24,)","(17,)"
magnolia_2_16bars_segment_4,"['bass', 'brass', 'clap', 'drums', 'hi_hat', 'keys', 'kick', 'melody', 'percs', 'piano', 'ride', 'sample', 'sfx', 'snare', 'strings', 'synth']","[(4, 750), (0,), (4, 750), (4, 750), (4, 750), (4, 750), (4, 750), (0,), (0,), (0,), (0,), (0,), (0,), (0,), (0,), (0,)]","(750, 128)","{""bpm"": 82.0, ""bars"": 16, ""key"": ""B_MINOR""}","(24,)","(17,)"
magnolia_2_16bars_segment_5,"['bass', 'brass', 'clap', 'drums', 'hi_hat', 'keys', 'kick', 'melody', 'percs', 'piano', 'ride', 'sample', 'sfx', 'snare', 'strings', 'synth']","[(4, 750), (0,), (4, 750), (4, 750), (4, 750), (4, 750), (4, 750), (0,), (0,), (0,), (0,), (0,), (0,), (0,), (0,), (0,)]","(750, 128)","{""bpm"": 82.0, ""bars"": 16, ""key"": ""B_MINOR""}","(24,)","(17,)"
marraige_counselling_3_18bars_segment_1,"['bass', 'brass', 'clap', 'drums', 'hi_hat', 'keys', 'kick', 'melody', 'percs', 'piano', 'ride', 'sample', 'sfx', 'snare', 'strings', 'synth']","[(4, 750), (0,), (0,), (4, 750), (0,), (4, 750), (0,), (0,), (0,), (0,), (0,), (0,), (0,), (0,), (0,), (0,)]","(750, 128)","{""bpm"": 95.0, ""bars"": 18, ""key"": ""G#_MINOR""}","(24,)","(17,)"
marraige_counselling_3_18bars_segment_2,"['bass', 'brass', 'clap', 'drums', 'hi_hat', 'keys', 'kick', 'melody', 'percs', 'piano', 'ride', 'sample', 'sfx', 'snare', 'strings', 'synth']","[(4, 750), (0,), (0,), (4, 750), (0,), (4, 750), (0,), (0,), (0,), (0,), (0,), (0,), (0,), (0,), (0,), (0,)]","(750, 128)","{""bpm"": 95.0, ""bars"": 18, ""key"": ""G#_MINOR""}","(24,)","(17,)"
marraige_counselling_3_18bars_segment_3,"['bass', 'brass', 'clap', 'drums', 'hi_hat', 'keys', 'kick', 'melody', 'percs', 'piano', 'ride', 'sample', 'sfx', 'snare', 'strings', 'synth']","[(4, 750), (0,), (0,), (4, 750), (0,), (4, 750), (0,), (0,), (0,), (0,), (0,), (0,), (0,), (0,), (0,), (0,)]","(750, 128)","{""bpm"": 95.0, ""bars"": 18, ""key"": ""G#_MINOR""}","(24,)","(17,)"
marraige_counselling_3_18bars_segment_4,"['bass', 'brass', 'clap', 'drums', 'hi_hat', 'keys', 'kick', 'melody', 'percs', 'piano', 'ride', 'sample', 'sfx', 'snare', 'strings', 'synth']","[(4, 750), (0,), (0,), (4, 750), (0,), (4, 750), (0,), (0,), (0,), (0,), (0,), (0,), (0,), (0,), (0,), (0,)]","(750, 128)","{""bpm"": 95.0, ""bars"": 18, ""key"": ""G#_MINOR""}","(24,)","(17,)"
marraige_counselling_3_18bars_segment_5,"['bass', 'brass', 'clap', 'drums', 'hi_hat', 'keys', 'kick', 'melody', 'percs', 'piano', 'ride', 'sample', 'sfx', 'snare', 'strings', 'synth']","[(4, 750), (0,), (0,), (4, 750), (0,), (4, 750), (0,), (0,), (0,), (0,), (0,), (0,), (0,), (0,), (0,), (0,)]","(750, 128)","{""bpm"": 95.0, ""bars"": 18, ""key"": ""G#_MINOR""}","(24,)","(17,)"
marriage_counselling_1_18bars_segment_1,"['bass', 'brass', 'clap', 'drums', 'hi_hat', 'keys', 'kick', 'melody', 'percs', 'piano', 'ride', 'sample', 'sfx', 'snare', 'strings', 'synth']","[(4, 750), (0,), (0,), (4, 750), (0,), (4, 750), (0,), (0,), (0,), (0,), (0,), (0,), (0,), (0,), (0,), (0,)]","(750, 128)","{""bpm"": 95.0, ""bars"": 18, ""key"": ""G#_MINOR""}","(24,)","(17,)"
marriage_counselling_1_18bars_segment_2,"['bass', 'brass', 'clap', 'drums', 'hi_hat', 'keys', 'kick', 'melody', 'percs', 'piano', 'ride', 'sample', 'sfx', 'snare', 'strings', 'synth']","[(4, 750), (0,), (0,), (4, 750), (0,), (4, 750), (0,), (0,), (0,), (0,), (0,), (0,), (0,), (0,), (0,), (0,)]","(750, 128)","{""bpm"": 95.0, ""bars"": 18, ""key"": ""G#_MINOR""}","(24,)","(17,)"
marriage_counselling_1_18bars_segment_3,"['bass', 'brass', 'clap', 'drums', 'hi_hat', 'keys', 'kick', 'melody', 'percs', 'piano', 'ride', 'sample', 'sfx', 'snare', 'strings', 'synth']","[(4, 750), (0,), (0,), (4, 750), (0,), (4, 750), (0,), (0,), (0,), (0,), (0,), (0,), (0,), (0,), (0,), (0,)]","(750, 128)","{""bpm"": 95.0, ""bars"": 18, ""key"": ""G#_MINOR""}","(24,)","(17,)"
marriage_counselling_1_18bars_segment_4,"['bass', 'brass', 'clap', 'drums', 'hi_hat', 'keys', 'kick', 'melody', 'percs', 'piano', 'ride', 'sample', 'sfx', 'snare', 'strings', 'synth']","[(4, 750), (0,), (0,), (4, 750), (0,), (4, 750), (0,), (0,), (0,), (0,), (0,), (0,), (0,), (0,), (0,), (0,)]","(750, 128)","{""bpm"": 95.0, ""bars"": 18, ""key"": ""G#_MINOR""}","(24,)","(17,)"
marriage_counselling_1_18bars_segment_5,"['bass', 'brass', 'clap', 'drums', 'hi_hat', 'keys', 'kick', 'melody', 'percs', 'piano', 'ride', 'sample', 'sfx', 'snare', 'strings', 'synth']","[(4, 750), (0,), (0,), (4, 750), (0,), (4, 750), (0,), (0,), (0,), (0,), (0,), (0,), (0,), (0,), (0,), (0,)]","(750, 128)","{""bpm"": 95.0, ""bars"": 18, ""key"": ""G#_MINOR""}","(24,)","(17,)"
marriage_counselling_2_20bars_segment_1,"['bass', 'brass', 'clap', 'drums', 'hi_hat', 'keys', 'kick', 'melody', 'percs', 'piano', 'ride', 'sample', 'sfx', 'snare', 'strings', 'synth']","[(4, 750), (0,), (0,), (4, 750), (0,), (4, 750), (0,), (0,), (0,), (0,), (0,), (0,), (0,), (0,), (0,), (0,)]","(750, 128)","{""bpm"": 95.0, ""bars"": 20, ""key"": ""G#_MINOR""}","(24,)","(17,)"
marriage_counselling_2_20bars_segment_2,"['bass', 'brass', 'clap', 'drums', 'hi_hat', 'keys', 'kick', 'melody', 'percs', 'piano', 'ride', 'sample', 'sfx', 'snare', 'strings', 'synth']","[(4, 750), (0,), (0,), (4, 750), (0,), (4, 750), (0,), (0,), (0,), (0,), (0,), (0,), (0,), (0,), (0,), (0,)]","(750, 128)","{""bpm"": 95.0, ""bars"": 20, ""key"": ""G#_MINOR""}","(24,)","(17,)"
marriage_counselling_2_20bars_segment_3,"['bass', 'brass', 'clap', 'drums', 'hi_hat', 'keys', 'kick', 'melody', 'percs', 'piano', 'ride', 'sample', 'sfx', 'snare', 'strings', 'synth']","[(4, 750), (0,), (0,), (4, 750), (0,), (4, 750), (0,), (0,), (0,), (0,), (0,), (0,), (0,), (0,), (0,), (0,)]","(750, 128)","{""bpm"": 95.0, ""bars"": 20, ""key"": ""G#_MINOR""}","(24,)","(17,)"
marriage_counselling_2_20bars_segment_4,"['bass', 'brass', 'clap', 'drums', 'hi_hat', 'keys', 'kick', 'melody', 'percs', 'piano', 'ride', 'sample', 'sfx', 'snare', 'strings', 'synth']","[(4, 750), (0,), (0,), (4, 750), (0,), (4, 750), (0,), (0,), (0,), (0,), (0,), (0,), (0,), (0,), (0,), (0,)]","(750, 128)","{""bpm"": 95.0, ""bars"": 20, ""key"": ""G#_MINOR""}","(24,)","(17,)"
marriage_counselling_2_20bars_segment_5,"['bass', 'brass', 'clap', 'drums', 'hi_hat', 'keys', 'kick', 'melody', 'percs', 'piano', 'ride', 'sample', 'sfx', 'snare', 'strings', 'synth']","[(4, 750), (0,), (0,), (4, 750), (0,), (4, 750), (0,), (0,), (0,), (0,), (0,), (0,), (0,), (0,), (0,), (0,)]","(750, 128)","{""bpm"": 95.0, ""bars"": 20, ""key"": ""G#_MINOR""}","(24,)","(17,)"
marriage_counselling_4_36bars_segment_1,"['bass', 'brass', 'clap', 'drums', 'hi_hat', 'keys', 'kick', 'melody', 'percs', 'piano', 'ride', 'sample', 'sfx', 'snare', 'strings', 'synth']","[(4, 750), (0,), (0,), (4, 750), (0,), (4, 750), (0,), (0,), (0,), (0,), (0,), (0,), (0,), (0,), (0,), (0,)]","(750, 128)","{""bpm"": 95.0, ""bars"": 36, ""key"": ""G#_MINOR""}","(24,)","(17,)"
marriage_counselling_4_36bars_segment_2,"['bass', 'brass', 'clap', 'drums', 'hi_hat', 'keys', 'kick', 'melody', 'percs', 'piano', 'ride', 'sample', 'sfx', 'snare', 'strings', 'synth']","[(4, 750), (0,), (0,), (4, 750), (0,), (4, 750), (0,), (0,), (0,), (0,), (0,), (0,), (0,), (0,), (0,), (0,)]","(750, 128)","{""bpm"": 95.0, ""bars"": 36, ""key"": ""G#_MINOR""}","(24,)","(17,)"
marriage_counselling_4_36bars_segment_3,"['bass', 'brass', 'clap', 'drums', 'hi_hat', 'keys', 'kick', 'melody', 'percs', 'piano', 'ride', 'sample', 'sfx', 'snare', 'strings', 'synth']","[(4, 750), (0,), (0,), (4, 750), (0,), (4, 750), (0,), (0,), (0,), (0,), (0,), (0,), (0,), (0,), (0,), (0,)]","(750, 128)","{""bpm"": 95.0, ""bars"": 36, ""key"": ""G#_MINOR""}","(24,)","(17,)"
marriage_counselling_4_36bars_segment_4,"['bass', 'brass', 'clap', 'drums', 'hi_hat', 'keys', 'kick', 'melody', 'percs', 'piano', 'ride', 'sample', 'sfx', 'snare', 'strings', 'synth']","[(4, 750), (0,), (0,), (4, 750), (0,), (4, 750), (0,), (0,), (0,), (0,), (0,), (0,), (0,), (0,), (0,), (0,)]","(750, 128)","{""bpm"": 95.0, ""bars"": 36, ""key"": ""G#_MINOR""}","(24,)","(17,)"
marriage_counselling_4_36bars_segment_5,"['bass', 'brass', 'clap', 'drums', 'hi_hat', 'keys', 'kick', 'melody', 'percs', 'piano', 'ride', 'sample', 'sfx', 'snare', 'strings', 'synth']","[(4, 750), (0,), (0,), (4, 750), (0,), (4, 750), (0,), (0,), (0,), (0,), (0,), (0,), (0,), (0,), (0,), (0,)]","(750, 128)","{""bpm"": 95.0, ""bars"": 36, ""key"": ""G#_MINOR""}","(24,)","(17,)"
marriage_counselling_4_36bars_segment_6,"['bass', 'brass', 'clap', 'drums', 'hi_hat', 'keys', 'kick', 'melody', 'percs', 'piano', 'ride', 'sample', 'sfx', 'snare', 'strings', 'synth']","[(4, 750), (0,), (0,), (4, 750), (0,), (4, 750), (0,), (0,), (0,), (0,), (0,), (0,), (0,), (0,), (0,), (0,)]","(750, 128)","{""bpm"": 95.0, ""bars"": 36, ""key"": ""G#_MINOR""}","(24,)","(17,)"
marriage_counselling_4_36bars_segment_7,"['bass', 'brass', 'clap', 'drums', 'hi_hat', 'keys', 'kick', 'melody', 'percs', 'piano', 'ride', 'sample', 'sfx', 'snare', 'strings', 'synth']","[(4, 750), (0,), (0,), (4, 750), (0,), (4, 750), (0,), (0,), (0,), (0,), (0,), (0,), (0,), (0,), (0,), (0,)]","(750, 128)","{""bpm"": 95.0, ""bars"": 36, ""key"": ""G#_MINOR""}","(24,)","(17,)"
marriage_counselling_4_36bars_segment_8,"['bass', 'brass', 'clap', 'drums', 'hi_hat', 'keys', 'kick', 'melody', 'percs', 'piano', 'ride', 'sample', 'sfx', 'snare', 'strings', 'synth']","[(4, 750), (0,), (0,), (4, 750), (0,), (4, 750), (0,), (0,), (0,), (0,), (0,), (0,), (0,), (0,), (0,), (0,)]","(750, 128)","{""bpm"": 95.0, ""bars"": 36, ""key"": ""G#_MINOR""}","(24,)","(17,)"
marriage_counselling_4_36bars_segment_9,"['bass', 'brass', 'clap', 'drums', 'hi_hat', 'keys', 'kick', 'melody', 'percs', 'piano', 'ride', 'sample', 'sfx', 'snare', 'strings', 'synth']","[(4, 750), (0,), (0,), (4, 750), (0,), (4, 750), (0,), (0,), (0,), (0,), (0,), (0,), (0,), (0,), (0,), (0,)]","(750, 128)","{""bpm"": 95.0, ""bars"": 36, ""key"": ""G#_MINOR""}","(24,)","(17,)"
myown_1_16bars_segment_1,"['bass', 'brass', 'clap', 'drums', 'hi_hat', 'keys', 'kick', 'melody', 'percs', 'piano', 'ride', 'sample', 'sfx', 'snare', 'strings', 'synth']","[(4, 750), (0,), (4, 750), (4, 750), (4, 750), (4, 750), (4, 750), (0,), (0,), (0,), (0,), (0,), (0,), (0,), (0,), (0,)]","(750, 128)","{""bpm"": 108.0, ""bars"": 16, ""key"": ""C_MAJOR""}","(24,)","(17,)"
myown_1_16bars_segment_2,"['bass', 'brass', 'clap', 'drums', 'hi_hat', 'keys', 'kick', 'melody', 'percs', 'piano', 'ride', 'sample', 'sfx', 'snare', 'strings', 'synth']","[(4, 750), (0,), (4, 750), (4, 750), (4, 750), (4, 750), (4, 750), (0,), (0,), (0,), (0,), (0,), (0,), (0,), (0,), (0,)]","(750, 128)","{""bpm"": 108.0, ""bars"": 16, ""key"": ""C_MAJOR""}","(24,)","(17,)"
myown_1_16bars_segment_3,"['bass', 'brass', 'clap', 'drums', 'hi_hat', 'keys', 'kick', 'melody', 'percs', 'piano', 'ride', 'sample', 'sfx', 'snare', 'strings', 'synth']","[(4, 750), (0,), (4, 750), (4, 750), (4, 750), (4, 750), (4, 750), (0,), (0,), (0,), (0,), (0,), (0,), (0,), (0,), (0,)]","(750, 128)","{""bpm"": 108.0, ""bars"": 16, ""key"": ""C_MAJOR""}","(24,)","(17,)"
myown_1_16bars_segment_4,"['bass', 'brass', 'clap', 'drums', 'hi_hat', 'keys', 'kick', 'melody', 'percs', 'piano', 'ride', 'sample', 'sfx', 'snare', 'strings', 'synth']","[(4, 750), (0,), (4, 750), (4, 750), (4, 750), (4, 750), (4, 750), (0,), (0,), (0,), (0,), (0,), (0,), (0,), (0,), (0,)]","(750, 128)","{""bpm"": 108.0, ""bars"": 16, ""key"": ""C_MAJOR""}","(24,)","(17,)"
myown_2_16bars_segment_1,"['bass', 'brass', 'clap', 'drums', 'hi_hat', 'keys', 'kick', 'melody', 'percs', 'piano', 'ride', 'sample', 'sfx', 'snare', 'strings', 'synth']","[(4, 750), (0,), (4, 750), (4, 750), (4, 750), (4, 750), (4, 750), (0,), (0,), (0,), (0,), (0,), (0,), (0,), (0,), (0,)]","(750, 128)","{""bpm"": 108.0, ""bars"": 16, ""key"": ""C_MAJOR""}","(24,)","(17,)"
myown_2_16bars_segment_2,"['bass', 'brass', 'clap', 'drums', 'hi_hat', 'keys', 'kick', 'melody', 'percs', 'piano', 'ride', 'sample', 'sfx', 'snare', 'strings', 'synth']","[(4, 750), (0,), (4, 750), (4, 750), (4, 750), (4, 750), (4, 750), (0,), (0,), (0,), (0,), (0,), (0,), (0,), (0,), (0,)]","(750, 128)","{""bpm"": 108.0, ""bars"": 16, ""key"": ""C_MAJOR""}","(24,)","(17,)"
myown_2_16bars_segment_3,"['bass', 'brass', 'clap', 'drums', 'hi_hat', 'keys', 'kick', 'melody', 'percs', 'piano', 'ride', 'sample', 'sfx', 'snare', 'strings', 'synth']","[(4, 750), (0,), (4, 750), (4, 750), (4, 750), (4, 750), (4, 750), (0,), (0,), (0,), (0,), (0,), (0,), (0,), (0,), (0,)]","(750, 128)","{""bpm"": 108.0, ""bars"": 16, ""key"": ""C_MAJOR""}","(24,)","(17,)"
myown_2_16bars_segment_4,"['bass', 'brass', 'clap', 'drums', 'hi_hat', 'keys', 'kick', 'melody', 'percs', 'piano', 'ride', 'sample', 'sfx', 'snare', 'strings', 'synth']","[(4, 750), (0,), (4, 750), (4, 750), (4, 750), (4, 750), (4, 750), (0,), (0,), (0,), (0,), (0,), (0,), (0,), (0,), (0,)]","(750, 128)","{""bpm"": 108.0, ""bars"": 16, ""key"": ""C_MAJOR""}","(24,)","(17,)"
myown_3_16bars_segment_1,"['bass', 'brass', 'clap', 'drums', 'hi_hat', 'keys', 'kick', 'melody', 'percs', 'piano', 'ride', 'sample', 'sfx', 'snare', 'strings', 'synth']","[(4, 750), (0,), (4, 750), (4, 750), (4, 750), (4, 750), (4, 750), (0,), (0,), (0,), (0,), (0,), (0,), (0,), (0,), (0,)]","(750, 128)","{""bpm"": 108.0, ""bars"": 16, ""key"": ""C_MAJOR""}","(24,)","(17,)"
myown_3_16bars_segment_2,"['bass', 'brass', 'clap', 'drums', 'hi_hat', 'keys', 'kick', 'melody', 'percs', 'piano', 'ride', 'sample', 'sfx', 'snare', 'strings', 'synth']","[(4, 750), (0,), (4, 750), (4, 750), (4, 750), (4, 750), (4, 750), (0,), (0,), (0,), (0,), (0,), (0,), (0,), (0,), (0,)]","(750, 128)","{""bpm"": 108.0, ""bars"": 16, ""key"": ""C_MAJOR""}","(24,)","(17,)"
myown_3_16bars_segment_3,"['bass', 'brass', 'clap', 'drums', 'hi_hat', 'keys', 'kick', 'melody', 'percs', 'piano', 'ride', 'sample', 'sfx', 'snare', 'strings', 'synth']","[(4, 750), (0,), (4, 750), (4, 750), (4, 750), (4, 750), (4, 750), (0,), (0,), (0,), (0,), (0,), (0,), (0,), (0,), (0,)]","(750, 128)","{""bpm"": 108.0, ""bars"": 16, ""key"": ""C_MAJOR""}","(24,)","(17,)"
myown_3_16bars_segment_4,"['bass', 'brass', 'clap', 'drums', 'hi_hat', 'keys', 'kick', 'melody', 'percs', 'piano', 'ride', 'sample', 'sfx', 'snare', 'strings', 'synth']","[(4, 750), (0,), (4, 750), (4, 750), (4, 750), (4, 750), (4, 750), (0,), (0,), (0,), (0,), (0,), (0,), (0,), (0,), (0,)]","(750, 128)","{""bpm"": 108.0, ""bars"": 16, ""key"": ""C_MAJOR""}","(24,)","(17,)"
nakarmi_1_16bars_segment_1,"['bass', 'brass', 'clap', 'drums', 'hi_hat', 'keys', 'kick', 'melody', 'percs', 'piano', 'ride', 'sample', 'sfx', 'snare', 'strings', 'synth']","[(4, 750), (0,), (0,), (4, 750), (4, 750), (4, 750), (4, 750), (0,), (0,), (0,), (0,), (0,), (0,), (4, 750), (0,), (0,)]","(750, 128)","{""bpm"": 89.5, ""bars"": 16, ""key"": ""B_MAJOR""}","(24,)","(17,)"
nakarmi_1_16bars_segment_2,"['bass', 'brass', 'clap', 'drums', 'hi_hat', 'keys', 'kick', 'melody', 'percs', 'piano', 'ride', 'sample', 'sfx', 'snare', 'strings', 'synth']","[(4, 750), (0,), (0,), (4, 750), (4, 750), (4, 750), (4, 750), (0,), (0,), (0,), (0,), (0,), (0,), (4, 750), (0,), (0,)]","(750, 128)","{""bpm"": 89.5, ""bars"": 16, ""key"": ""B_MAJOR""}","(24,)","(17,)"
nakarmi_1_16bars_segment_3,"['bass', 'brass', 'clap', 'drums', 'hi_hat', 'keys', 'kick', 'melody', 'percs', 'piano', 'ride', 'sample', 'sfx', 'snare', 'strings', 'synth']","[(4, 750), (0,), (0,), (4, 750), (4, 750), (4, 750), (4, 750), (0,), (0,), (0,), (0,), (0,), (0,), (4, 750), (0,), (0,)]","(750, 128)","{""bpm"": 89.5, ""bars"": 16, ""key"": ""B_MAJOR""}","(24,)","(17,)"
nakarmi_1_16bars_segment_4,"['bass', 'brass', 'clap', 'drums', 'hi_hat', 'keys', 'kick', 'melody', 'percs', 'piano', 'ride', 'sample', 'sfx', 'snare', 'strings', 'synth']","[(4, 750), (0,), (0,), (4, 750), (4, 750), (4, 750), (4, 750), (0,), (0,), (0,), (0,), (0,), (0,), (4, 750), (0,), (0,)]","(750, 128)","{""bpm"": 89.5, ""bars"": 16, ""key"": ""B_MAJOR""}","(24,)","(17,)"
nikhil_1_16bars_segment_1,"['bass', 'brass', 'clap', 'drums', 'hi_hat', 'keys', 'kick', 'melody', 'percs', 'piano', 'ride', 'sample', 'sfx', 'snare', 'strings', 'synth']","[(4, 750), (0,), (4, 750), (4, 750), (4, 750), (4, 750), (4, 750), (0,), (0,), (4, 750), (0,), (0,), (0,), (0,), (0,), (0,)]","(750, 128)","{""bpm"": 110.0, ""bars"": 16, ""key"": ""B_MAJOR""}","(24,)","(17,)"
nikhil_1_16bars_segment_2,"['bass', 'brass', 'clap', 'drums', 'hi_hat', 'keys', 'kick', 'melody', 'percs', 'piano', 'ride', 'sample', 'sfx', 'snare', 'strings', 'synth']","[(4, 750), (0,), (4, 750), (4, 750), (4, 750), (4, 750), (4, 750), (0,), (0,), (4, 750), (0,), (0,), (0,), (0,), (0,), (0,)]","(750, 128)","{""bpm"": 110.0, ""bars"": 16, ""key"": ""B_MAJOR""}","(24,)","(17,)"
nikhil_1_16bars_segment_3,"['bass', 'brass', 'clap', 'drums', 'hi_hat', 'keys', 'kick', 'melody', 'percs', 'piano', 'ride', 'sample', 'sfx', 'snare', 'strings', 'synth']","[(4, 750), (0,), (4, 750), (4, 750), (4, 750), (4, 750), (4, 750), (0,), (0,), (4, 750), (0,), (0,), (0,), (0,), (0,), (0,)]","(750, 128)","{""bpm"": 110.0, ""bars"": 16, ""key"": ""B_MAJOR""}","(24,)","(17,)"
nikhil_2_16bars_segment_1,"['bass', 'brass', 'clap', 'drums', 'hi_hat', 'keys', 'kick', 'melody', 'percs', 'piano', 'ride', 'sample', 'sfx', 'snare', 'strings', 'synth']","[(4, 750), (0,), (4, 750), (4, 750), (4, 750), (4, 750), (4, 750), (0,), (0,), (4, 750), (0,), (0,), (0,), (0,), (0,), (0,)]","(750, 128)","{""bpm"": 110.0, ""bars"": 16, ""key"": ""B_MAJOR""}","(24,)","(17,)"
nikhil_2_16bars_segment_2,"['bass', 'brass', 'clap', 'drums', 'hi_hat', 'keys', 'kick', 'melody', 'percs', 'piano', 'ride', 'sample', 'sfx', 'snare', 'strings', 'synth']","[(4, 750), (0,), (4, 750), (4, 750), (4, 750), (4, 750), (4, 750), (0,), (0,), (4, 750), (0,), (0,), (0,), (0,), (0,), (0,)]","(750, 128)","{""bpm"": 110.0, ""bars"": 16, ""key"": ""B_MAJOR""}","(24,)","(17,)"
nikhil_2_16bars_segment_3,"['bass', 'brass', 'clap', 'drums', 'hi_hat', 'keys', 'kick', 'melody', 'percs', 'piano', 'ride', 'sample', 'sfx', 'snare', 'strings', 'synth']","[(4, 750), (0,), (4, 750), (4, 750), (4, 750), (4, 750), (4, 750), (0,), (0,), (4, 750), (0,), (0,), (0,), (0,), (0,), (0,)]","(750, 128)","{""bpm"": 110.0, ""bars"": 16, ""key"": ""B_MAJOR""}","(24,)","(17,)"
right_energy_1_12bars_segment_1,"['bass', 'brass', 'clap', 'drums', 'hi_hat', 'keys', 'kick', 'melody', 'percs', 'piano', 'ride', 'sample', 'sfx', 'snare', 'strings', 'synth']","[(4, 750), (0,), (4, 750), (4, 750), (4, 750), (4, 750), (4, 750), (0,), (0,), (0,), (0,), (0,), (0,), (0,), (0,), (0,)]","(750, 128)","{""bpm"": 102.0, ""bars"": 12, ""key"": ""D_MAJOR""}","(24,)","(17,)"
right_energy_1_12bars_segment_2,"['bass', 'brass', 'clap', 'drums', 'hi_hat', 'keys', 'kick', 'melody', 'percs', 'piano', 'ride', 'sample', 'sfx', 'snare', 'strings', 'synth']","[(4, 750), (0,), (4, 750), (4, 750), (4, 750), (4, 750), (4, 750), (0,), (0,), (0,), (0,), (0,), (0,), (0,), (0,), (0,)]","(750, 128)","{""bpm"": 102.0, ""bars"": 12, ""key"": ""D_MAJOR""}","(24,)","(17,)"
right_energy_1_12bars_segment_3,"['bass', 'brass', 'clap', 'drums', 'hi_hat', 'keys', 'kick', 'melody', 'percs', 'piano', 'ride', 'sample', 'sfx', 'snare', 'strings', 'synth']","[(4, 750), (0,), (4, 750), (4, 750), (4, 750), (4, 750), (4, 750), (0,), (0,), (0,), (0,), (0,), (0,), (0,), (0,), (0,)]","(750, 128)","{""bpm"": 102.0, ""bars"": 12, ""key"": ""D_MAJOR""}","(24,)","(17,)"
right_energy_2_16bars_segment_1,"['bass', 'brass', 'clap', 'drums', 'hi_hat', 'keys', 'kick', 'melody', 'percs', 'piano', 'ride', 'sample', 'sfx', 'snare', 'strings', 'synth']","[(4, 750), (0,), (4, 750), (4, 750), (4, 750), (4, 750), (4, 750), (0,), (0,), (0,), (0,), (0,), (0,), (0,), (0,), (0,)]","(750, 128)","{""bpm"": 102.0, ""bars"": 16, ""key"": ""D_MAJOR""}","(24,)","(17,)"
right_energy_2_16bars_segment_2,"['bass', 'brass', 'clap', 'drums', 'hi_hat', 'keys', 'kick', 'melody', 'percs', 'piano', 'ride', 'sample', 'sfx', 'snare', 'strings', 'synth']","[(4, 750), (0,), (4, 750), (4, 750), (4, 750), (4, 750), (4, 750), (0,), (0,), (0,), (0,), (0,), (0,), (0,), (0,), (0,)]","(750, 128)","{""bpm"": 102.0, ""bars"": 16, ""key"": ""D_MAJOR""}","(24,)","(17,)"
right_energy_2_16bars_segment_3,"['bass', 'brass', 'clap', 'drums', 'hi_hat', 'keys', 'kick', 'melody', 'percs', 'piano', 'ride', 'sample', 'sfx', 'snare', 'strings', 'synth']","[(4, 750), (0,), (4, 750), (4, 750), (4, 750), (4, 750), (4, 750), (0,), (0,), (0,), (0,), (0,), (0,), (0,), (0,), (0,)]","(750, 128)","{""bpm"": 102.0, ""bars"": 16, ""key"": ""D_MAJOR""}","(24,)","(17,)"
right_energy_2_16bars_segment_4,"['bass', 'brass', 'clap', 'drums', 'hi_hat', 'keys', 'kick', 'melody', 'percs', 'piano', 'ride', 'sample', 'sfx', 'snare', 'strings', 'synth']","[(4, 750), (0,), (4, 750), (4, 750), (4, 750), (4, 750), (4, 750), (0,), (0,), (0,), (0,), (0,), (0,), (0,), (0,), (0,)]","(750, 128)","{""bpm"": 102.0, ""bars"": 16, ""key"": ""D_MAJOR""}","(24,)","(17,)"
samir_1_16bars_segment_1,"['bass', 'brass', 'clap', 'drums', 'hi_hat', 'keys', 'kick', 'melody', 'percs', 'piano', 'ride', 'sample', 'sfx', 'snare', 'strings', 'synth']","[(4, 750), (0,), (0,), (4, 750), (4, 750), (4, 750), (4, 750), (4, 750), (0,), (0,), (0,), (0,), (0,), (4, 750), (0,), (0,)]","(750, 128)","{""bpm"": 95.0, ""bars"": 16, ""key"": ""E_MINOR""}","(24,)","(17,)"
samir_1_16bars_segment_2,"['bass', 'brass', 'clap', 'drums', 'hi_hat', 'keys', 'kick', 'melody', 'percs', 'piano', 'ride', 'sample', 'sfx', 'snare', 'strings', 'synth']","[(4, 750), (0,), (0,), (4, 750), (4, 750), (4, 750), (4, 750), (4, 750), (0,), (0,), (0,), (0,), (0,), (4, 750), (0,), (0,)]","(750, 128)","{""bpm"": 95.0, ""bars"": 16, ""key"": ""E_MINOR""}","(24,)","(17,)"
samir_1_16bars_segment_3,"['bass', 'brass', 'clap', 'drums', 'hi_hat', 'keys', 'kick', 'melody', 'percs', 'piano', 'ride', 'sample', 'sfx', 'snare', 'strings', 'synth']","[(4, 750), (0,), (0,), (4, 750), (4, 750), (4, 750), (4, 750), (4, 750), (0,), (0,), (0,), (0,), (0,), (4, 750), (0,), (0,)]","(750, 128)","{""bpm"": 95.0, ""bars"": 16, ""key"": ""E_MINOR""}","(24,)","(17,)"
samir_1_16bars_segment_4,"['bass', 'brass', 'clap', 'drums', 'hi_hat', 'keys', 'kick', 'melody', 'percs', 'piano', 'ride', 'sample', 'sfx', 'snare', 'strings', 'synth']","[(4, 750), (0,), (0,), (4, 750), (4, 750), (4, 750), (4, 750), (4, 750), (0,), (0,), (0,), (0,), (0,), (4, 750), (0,), (0,)]","(750, 128)","{""bpm"": 95.0, ""bars"": 16, ""key"": ""E_MINOR""}","(24,)","(17,)"
samir_2_16bars_segment_1,"['bass', 'brass', 'clap', 'drums', 'hi_hat', 'keys', 'kick', 'melody', 'percs', 'piano', 'ride', 'sample', 'sfx', 'snare', 'strings', 'synth']","[(4, 750), (0,), (0,), (4, 750), (4, 750), (4, 750), (4, 750), (4, 750), (0,), (0,), (0,), (0,), (0,), (4, 750), (0,), (0,)]","(750, 128)","{""bpm"": 95.0, ""bars"": 16, ""key"": ""E_MINOR""}","(24,)","(17,)"
samir_2_16bars_segment_2,"['bass', 'brass', 'clap', 'drums', 'hi_hat', 'keys', 'kick', 'melody', 'percs', 'piano', 'ride', 'sample', 'sfx', 'snare', 'strings', 'synth']","[(4, 750), (0,), (0,), (4, 750), (4, 750), (4, 750), (4, 750), (4, 750), (0,), (0,), (0,), (0,), (0,), (4, 750), (0,), (0,)]","(750, 128)","{""bpm"": 95.0, ""bars"": 16, ""key"": ""E_MINOR""}","(24,)","(17,)"
samir_2_16bars_segment_3,"['bass', 'brass', 'clap', 'drums', 'hi_hat', 'keys', 'kick', 'melody', 'percs', 'piano', 'ride', 'sample', 'sfx', 'snare', 'strings', 'synth']","[(4, 750), (0,), (0,), (4, 750), (4, 750), (4, 750), (4, 750), (4, 750), (0,), (0,), (0,), (0,), (0,), (4, 750), (0,), (0,)]","(750, 128)","{""bpm"": 95.0, ""bars"": 16, ""key"": ""E_MINOR""}","(24,)","(17,)"
samir_2_16bars_segment_4,"['bass', 'brass', 'clap', 'drums', 'hi_hat', 'keys', 'kick', 'melody', 'percs', 'piano', 'ride', 'sample', 'sfx', 'snare', 'strings', 'synth']","[(4, 750), (0,), (0,), (4, 750), (4, 750), (4, 750), (4, 750), (4, 750), (0,), (0,), (0,), (0,), (0,), (4, 750), (0,), (0,)]","(750, 128)","{""bpm"": 95.0, ""bars"": 16, ""key"": ""E_MINOR""}","(24,)","(17,)"
samir_3_12bars_segment_1,"['bass', 'brass', 'clap', 'drums', 'hi_hat', 'keys', 'kick', 'melody', 'percs', 'piano', 'ride', 'sample', 'sfx', 'snare', 'strings', 'synth']","[(4, 750), (0,), (0,), (4, 750), (4, 750), (4, 750), (4, 750), (4, 750), (0,), (0,), (0,), (0,), (0,), (4, 750), (0,), (0,)]","(750, 128)","{""bpm"": 95.0, ""bars"": 12, ""key"": ""E_MINOR""}","(24,)","(17,)"
samir_3_12bars_segment_2,"['bass', 'brass', 'clap', 'drums', 'hi_hat', 'keys', 'kick', 'melody', 'percs', 'piano', 'ride', 'sample', 'sfx', 'snare', 'strings', 'synth']","[(4, 750), (0,), (0,), (4, 750), (4, 750), (4, 750), (4, 750), (4, 750), (0,), (0,), (0,), (0,), (0,), (4, 750), (0,), (0,)]","(750, 128)","{""bpm"": 95.0, ""bars"": 12, ""key"": ""E_MINOR""}","(24,)","(17,)"
samir_3_12bars_segment_3,"['bass', 'brass', 'clap', 'drums', 'hi_hat', 'keys', 'kick', 'melody', 'percs', 'piano', 'ride', 'sample', 'sfx', 'snare', 'strings', 'synth']","[(4, 750), (0,), (0,), (4, 750), (4, 750), (4, 750), (4, 750), (4, 750), (0,), (0,), (0,), (0,), (0,), (4, 750), (0,), (0,)]","(750, 128)","{""bpm"": 95.0, ""bars"": 12, ""key"": ""E_MINOR""}","(24,)","(17,)"
sickjam_1_20bars_segment_1,"['bass', 'brass', 'clap', 'drums', 'hi_hat', 'keys', 'kick', 'melody', 'percs', 'piano', 'ride', 'sample', 'sfx', 'snare', 'strings', 'synth']","[(4, 750), (0,), (0,), (4, 750), (4, 750), (4, 750), (4, 750), (0,), (0,), (0,), (0,), (4, 750), (0,), (4, 750), (0,), (0,)]","(750, 128)","{""bpm"": 100.0, ""bars"": 20, ""key"": ""D_MINOR""}","(24,)","(17,)"
sickjam_1_20bars_segment_2,"['bass', 'brass', 'clap', 'drums', 'hi_hat', 'keys', 'kick', 'melody', 'percs', 'piano', 'ride', 'sample', 'sfx', 'snare', 'strings', 'synth']","[(4, 750), (0,), (0,), (4, 750), (4, 750), (4, 750), (4, 750), (0,), (0,), (0,), (0,), (4, 750), (0,), (4, 750), (0,), (0,)]","(750, 128)","{""bpm"": 100.0, ""bars"": 20, ""key"": ""D_MINOR""}","(24,)","(17,)"
sickjam_1_20bars_segment_3,"['bass', 'brass', 'clap', 'drums', 'hi_hat', 'keys', 'kick', 'melody', 'percs', 'piano', 'ride', 'sample', 'sfx', 'snare', 'strings', 'synth']","[(4, 750), (0,), (0,), (4, 750), (4, 750), (4, 750), (4, 750), (0,), (0,), (0,), (0,), (4, 750), (0,), (4, 750), (0,), (0,)]","(750, 128)","{""bpm"": 100.0, ""bars"": 20, ""key"": ""D_MINOR""}","(24,)","(17,)"
sickjam_1_20bars_segment_4,"['bass', 'brass', 'clap', 'drums', 'hi_hat', 'keys', 'kick', 'melody', 'percs', 'piano', 'ride', 'sample', 'sfx', 'snare', 'strings', 'synth']","[(4, 750), (0,), (0,), (4, 750), (4, 750), (4, 750), (4, 750), (0,), (0,), (0,), (0,), (4, 750), (0,), (4, 750), (0,), (0,)]","(750, 128)","{""bpm"": 100.0, ""bars"": 20, ""key"": ""D_MINOR""}","(24,)","(17,)"
sickjam_1_20bars_segment_5,"['bass', 'brass', 'clap', 'drums', 'hi_hat', 'keys', 'kick', 'melody', 'percs', 'piano', 'ride', 'sample', 'sfx', 'snare', 'strings', 'synth']","[(4, 750), (0,), (0,), (4, 750), (4, 750), (4, 750), (4, 750), (0,), (0,), (0,), (0,), (4, 750), (0,), (4, 750), (0,), (0,)]","(750, 128)","{""bpm"": 100.0, ""bars"": 20, ""key"": ""D_MINOR""}","(24,)","(17,)"
sickjam_2_18bars_segment_1,"['bass', 'brass', 'clap', 'drums', 'hi_hat', 'keys', 'kick', 'melody', 'percs', 'piano', 'ride', 'sample', 'sfx', 'snare', 'strings', 'synth']","[(4, 750), (0,), (0,), (4, 750), (4, 750), (4, 750), (4, 750), (0,), (0,), (0,), (0,), (4, 750), (0,), (4, 750), (0,), (0,)]","(750, 128)","{""bpm"": 100.0, ""bars"": 18, ""key"": ""D_MINOR""}","(24,)","(17,)"
sickjam_2_18bars_segment_2,"['bass', 'brass', 'clap', 'drums', 'hi_hat', 'keys', 'kick', 'melody', 'percs', 'piano', 'ride', 'sample', 'sfx', 'snare', 'strings', 'synth']","[(4, 750), (0,), (0,), (4, 750), (4, 750), (4, 750), (4, 750), (0,), (0,), (0,), (0,), (4, 750), (0,), (4, 750), (0,), (0,)]","(750, 128)","{""bpm"": 100.0, ""bars"": 18, ""key"": ""D_MINOR""}","(24,)","(17,)"
sickjam_2_18bars_segment_3,"['bass', 'brass', 'clap', 'drums', 'hi_hat', 'keys', 'kick', 'melody', 'percs', 'piano', 'ride', 'sample', 'sfx', 'snare', 'strings', 'synth']","[(4, 750), (0,), (0,), (4, 750), (4, 750), (4, 750), (4, 750), (0,), (0,), (0,), (0,), (4, 750), (0,), (4, 750), (0,), (0,)]","(750, 128)","{""bpm"": 100.0, ""bars"": 18, ""key"": ""D_MINOR""}","(24,)","(17,)"
sickjam_2_18bars_segment_4,"['bass', 'brass', 'clap', 'drums', 'hi_hat', 'keys', 'kick', 'melody', 'percs', 'piano', 'ride', 'sample', 'sfx', 'snare', 'strings', 'synth']","[(4, 750), (0,), (0,), (4, 750), (4, 750), (4, 750), (4, 750), (0,), (0,), (0,), (0,), (4, 750), (0,), (4, 750), (0,), (0,)]","(750, 128)","{""bpm"": 100.0, ""bars"": 18, ""key"": ""D_MINOR""}","(24,)","(17,)"
sickjam_3_20bars_segment_1,"['bass', 'brass', 'clap', 'drums', 'hi_hat', 'keys', 'kick', 'melody', 'percs', 'piano', 'ride', 'sample', 'sfx', 'snare', 'strings', 'synth']","[(4, 750), (0,), (0,), (4, 750), (4, 750), (4, 750), (4, 750), (0,), (0,), (0,), (0,), (4, 750), (0,), (4, 750), (0,), (0,)]","(750, 128)","{""bpm"": 100.0, ""bars"": 20, ""key"": ""D_MINOR""}","(24,)","(17,)"
sickjam_3_20bars_segment_2,"['bass', 'brass', 'clap', 'drums', 'hi_hat', 'keys', 'kick', 'melody', 'percs', 'piano', 'ride', 'sample', 'sfx', 'snare', 'strings', 'synth']","[(4, 750), (0,), (0,), (4, 750), (4, 750), (4, 750), (4, 750), (0,), (0,), (0,), (0,), (4, 750), (0,), (4, 750), (0,), (0,)]","(750, 128)","{""bpm"": 100.0, ""bars"": 20, ""key"": ""D_MINOR""}","(24,)","(17,)"
sickjam_3_20bars_segment_3,"['bass', 'brass', 'clap', 'drums', 'hi_hat', 'keys', 'kick', 'melody', 'percs', 'piano', 'ride', 'sample', 'sfx', 'snare', 'strings', 'synth']","[(4, 750), (0,), (0,), (4, 750), (4, 750), (4, 750), (4, 750), (0,), (0,), (0,), (0,), (4, 750), (0,), (4, 750), (0,), (0,)]","(750, 128)","{""bpm"": 100.0, ""bars"": 20, ""key"": ""D_MINOR""}","(24,)","(17,)"
sickjam_3_20bars_segment_4,"['bass', 'brass', 'clap', 'drums', 'hi_hat', 'keys', 'kick', 'melody', 'percs', 'piano', 'ride', 'sample', 'sfx', 'snare', 'strings', 'synth']","[(4, 750), (0,), (0,), (4, 750), (4, 750), (4, 750), (4, 750), (0,), (0,), (0,), (0,), (4, 750), (0,), (4, 750), (0,), (0,)]","(750, 128)","{""bpm"": 100.0, ""bars"": 20, ""key"": ""D_MINOR""}","(24,)","(17,)"
sideEffects_1_16bars_segment_1,"['bass', 'brass', 'clap', 'drums', 'hi_hat', 'keys', 'kick', 'melody', 'percs', 'piano', 'ride', 'sample', 'sfx', 'snare', 'strings', 'synth']","[(4, 750), (0,), (4, 750), (4, 750), (4, 750), (4, 750), (4, 750), (0,), (0,), (0,), (0,), (0,), (0,), (4, 750), (0,), (0,)]","(750, 128)","{""bpm"": 114.0, ""bars"": 16, ""key"": ""A_MINOR""}","(24,)","(17,)"
sideEffects_1_16bars_segment_2,"['bass', 'brass', 'clap', 'drums', 'hi_hat', 'keys', 'kick', 'melody', 'percs', 'piano', 'ride', 'sample', 'sfx', 'snare', 'strings', 'synth']","[(4, 750), (0,), (4, 750), (4, 750), (4, 750), (4, 750), (4, 750), (0,), (0,), (0,), (0,), (0,), (0,), (4, 750), (0,), (0,)]","(750, 128)","{""bpm"": 114.0, ""bars"": 16, ""key"": ""A_MINOR""}","(24,)","(17,)"
sideEffects_1_16bars_segment_3,"['bass', 'brass', 'clap', 'drums', 'hi_hat', 'keys', 'kick', 'melody', 'percs', 'piano', 'ride', 'sample', 'sfx', 'snare', 'strings', 'synth']","[(4, 750), (0,), (4, 750), (4, 750), (4, 750), (4, 750), (4, 750), (0,), (0,), (0,), (0,), (0,), (0,), (4, 750), (0,), (0,)]","(750, 128)","{""bpm"": 114.0, ""bars"": 16, ""key"": ""A_MINOR""}","(24,)","(17,)"
sideEffects_2_16bars_segment_1,"['bass', 'brass', 'clap', 'drums', 'hi_hat', 'keys', 'kick', 'melody', 'percs', 'piano', 'ride', 'sample', 'sfx', 'snare', 'strings', 'synth']","[(4, 750), (0,), (4, 750), (4, 750), (4, 750), (4, 750), (4, 750), (0,), (0,), (0,), (0,), (0,), (0,), (4, 750), (0,), (0,)]","(750, 128)","{""bpm"": 114.0, ""bars"": 16, ""key"": ""A_MINOR""}","(24,)","(17,)"
sideEffects_2_16bars_segment_2,"['bass', 'brass', 'clap', 'drums', 'hi_hat', 'keys', 'kick', 'melody', 'percs', 'piano', 'ride', 'sample', 'sfx', 'snare', 'strings', 'synth']","[(4, 750), (0,), (4, 750), (4, 750), (4, 750), (4, 750), (4, 750), (0,), (0,), (0,), (0,), (0,), (0,), (4, 750), (0,), (0,)]","(750, 128)","{""bpm"": 114.0, ""bars"": 16, ""key"": ""A_MINOR""}","(24,)","(17,)"
sideEffects_2_16bars_segment_3,"['bass', 'brass', 'clap', 'drums', 'hi_hat', 'keys', 'kick', 'melody', 'percs', 'piano', 'ride', 'sample', 'sfx', 'snare', 'strings', 'synth']","[(4, 750), (0,), (4, 750), (4, 750), (4, 750), (4, 750), (4, 750), (0,), (0,), (0,), (0,), (0,), (0,), (4, 750), (0,), (0,)]","(750, 128)","{""bpm"": 114.0, ""bars"": 16, ""key"": ""A_MINOR""}","(24,)","(17,)"
suryodaya_1_20bars_segment_1,"['bass', 'brass', 'clap', 'drums', 'hi_hat', 'keys', 'kick', 'melody', 'percs', 'piano', 'ride', 'sample', 'sfx', 'snare', 'strings', 'synth']","[(4, 750), (4, 750), (4, 750), (4, 750), (4, 750), (4, 750), (4, 750), (0,), (0,), (0,), (0,), (0,), (0,), (4, 750), (0,), (0,)]","(750, 128)","{""bpm"": 115.0, ""bars"": 20, ""key"": ""E_MINOR""}","(24,)","(17,)"
suryodaya_1_20bars_segment_2,"['bass', 'brass', 'clap', 'drums', 'hi_hat', 'keys', 'kick', 'melody', 'percs', 'piano', 'ride', 'sample', 'sfx', 'snare', 'strings', 'synth']","[(4, 750), (4, 750), (4, 750), (4, 750), (4, 750), (4, 750), (4, 750), (0,), (0,), (0,), (0,), (0,), (0,), (4, 750), (0,), (0,)]","(750, 128)","{""bpm"": 115.0, ""bars"": 20, ""key"": ""E_MINOR""}","(24,)","(17,)"
suryodaya_1_20bars_segment_3,"['bass', 'brass', 'clap', 'drums', 'hi_hat', 'keys', 'kick', 'melody', 'percs', 'piano', 'ride', 'sample', 'sfx', 'snare', 'strings', 'synth']","[(4, 750), (4, 750), (4, 750), (4, 750), (4, 750), (4, 750), (4, 750), (0,), (0,), (0,), (0,), (0,), (0,), (4, 750), (0,), (0,)]","(750, 128)","{""bpm"": 115.0, ""bars"": 20, ""key"": ""E_MINOR""}","(24,)","(17,)"
suryodaya_1_20bars_segment_4,"['bass', 'brass', 'clap', 'drums', 'hi_hat', 'keys', 'kick', 'melody', 'percs', 'piano', 'ride', 'sample', 'sfx', 'snare', 'strings', 'synth']","[(4, 750), (4, 750), (4, 750), (4, 750), (4, 750), (4, 750), (4, 750), (0,), (0,), (0,), (0,), (0,), (0,), (4, 750), (0,), (0,)]","(750, 128)","{""bpm"": 115.0, ""bars"": 20, ""key"": ""E_MINOR""}","(24,)","(17,)"
suryodaya_2_20bars_segment_1,"['bass', 'brass', 'clap', 'drums', 'hi_hat', 'keys', 'kick', 'melody', 'percs', 'piano', 'ride', 'sample', 'sfx', 'snare', 'strings', 'synth']","[(4, 750), (4, 750), (4, 750), (4, 750), (4, 750), (4, 750), (4, 750), (0,), (0,), (0,), (0,), (0,), (0,), (4, 750), (0,), (0,)]","(750, 128)","{""bpm"": 115.0, ""bars"": 20, ""key"": ""E_MINOR""}","(24,)","(17,)"
suryodaya_2_20bars_segment_2,"['bass', 'brass', 'clap', 'drums', 'hi_hat', 'keys', 'kick', 'melody', 'percs', 'piano', 'ride', 'sample', 'sfx', 'snare', 'strings', 'synth']","[(4, 750), (4, 750), (4, 750), (4, 750), (4, 750), (4, 750), (4, 750), (0,), (0,), (0,), (0,), (0,), (0,), (4, 750), (0,), (0,)]","(750, 128)","{""bpm"": 115.0, ""bars"": 20, ""key"": ""E_MINOR""}","(24,)","(17,)"
suryodaya_2_20bars_segment_3,"['bass', 'brass', 'clap', 'drums', 'hi_hat', 'keys', 'kick', 'melody', 'percs', 'piano', 'ride', 'sample', 'sfx', 'snare', 'strings', 'synth']","[(4, 750), (4, 750), (4, 750), (4, 750), (4, 750), (4, 750), (4, 750), (0,), (0,), (0,), (0,), (0,), (0,), (4, 750), (0,), (0,)]","(750, 128)","{""bpm"": 115.0, ""bars"": 20, ""key"": ""E_MINOR""}","(24,)","(17,)"
suryodaya_2_20bars_segment_4,"['bass', 'brass', 'clap', 'drums', 'hi_hat', 'keys', 'kick', 'melody', 'percs', 'piano', 'ride', 'sample', 'sfx', 'snare', 'strings', 'synth']","[(4, 750), (4, 750), (4, 750), (4, 750), (4, 750), (4, 750), (4, 750), (0,), (0,), (0,), (0,), (0,), (0,), (4, 750), (0,), (0,)]","(750, 128)","{""bpm"": 115.0, ""bars"": 20, ""key"": ""E_MINOR""}","(24,)","(17,)"
